TRAITS,T1,T2
A97066-42,4.71,9.42
ACBrador,3.59,7.18
AdirondackBlue,4.07,8.14
AF2291-10,2.81,5.62
AF2376-5,2.81,5.62
AF2574-1,3.73,7.46
AllBlue,4.73,9.46
AlpineRusset,4.85,9.7
Alturas,4.46,8.92
Andover,2.54,5.08
AO96141-3,5,10
AO96160-3,5,10
AO96164-1,5,10
Atlantic,2.41,4.82
AWN86514-2,4.46,8.92
B1829-5,2.68,5.36
BannockRusset,4.86,9.72
BeaconChipper,2.54,5.08
Bintje,4.07,8.14
BlazerRusset,5,10
Boulder,2.54,5.08
C31-5-115,2,4
C31-5-120,2,4
C5,3.32,6.64
CanelaRusset,5,10
Cascade,4.32,8.64
CentennialRusset,3.7,7.4
Chieftain,3.46,6.92
Chipeta,3.05,6.1
Chippewa,2.91,5.82
ClassicRusset,5,10
ClearwaterRusset,4.86,9.72
CV96022-3,4.59,9.18
CV98112-3,5,10
DakotaCrisp,2.54,5.08
DakotaDiamond,2.54,5.08
DakotaJewel,2.54,5.08
DakotaPearl,2.27,4.54
DarkRedNorland,2.91,5.82
Defender,4.73,9.46
Denali,3.49,6.98
EarlyRose,4.73,9.46
Elba,2.13,4.26
Eramosa,2.95,5.9
Eva,2.68,5.36
Exploits,2.54,5.08
F02018,3.73,7.46
F58050,2.73,5.46
F66041,4.61,9.22
F87084,2.81,5.62
FreedomRusset,5,10
GarnetChile,4.16,8.32
GemStarRusset,4.73,9.46
GrandFalls,4,8
GreenMountain,4.32,8.64
HighlandRusset,4.59,9.18
Hindenburg,3.86,7.72
IdaRose,2.95,5.9
IncaGold,2.13,4.26
IrishCobbler,2.6,5.2
IvoryCrisp,2.27,4.54
JacquelineLee,4.13,8.26
Kalkaska,1.81,3.62
Katahdin,3.46,6.92
Kennebec,4,8
KeukaGold,2.54,5.08
KingHarry(NY131),2.13,4.26
KlamathRusset,4.73,9.46
LaChipper,2.54,5.08
Lamoka(NY139),2.81,5.62
Langlade,2.81,5.62
Lehigh,2.68,5.36
Lelah(W2717-5),2.68,5.36
Liberator,2.81,5.62
MaineChip,2.13,4.26
Marcy,3.18,6.36
MegaChip(W1201),2.54,5.08
MichiganPurple,3.36,6.72
Missaukee(MSJ461-1),1.81,3.62
MN02419,2,4
MN02467,5,10
MN02586,1.54,3.08
MN15620,4.46,8.92
MN18747,4.18,8.36
MN19298,2,4
MN19350,3.73,7.46
MN19470,2.41,4.82
MN96072-4,2.91,5.82
MN99380-1,2.41,4.82
Modoc,2.54,5.08
Monona,3.22,6.44
Monticello,2.46,4.92
MountainRose,3.59,7.18
MSG227-2,3.46,6.92
MSH228-6,2.68,5.36
MSI005-20Y,2.41,4.82
MSJ126-9Y,2.17,4.34
MSJ147-1,3.32,6.64
MSK061-4,2.54,5.08
MSK409-1,2.95,5.9
MSL211-3,3.46,6.92
MSL268-D,3.22,6.44
MSL292-A,1.54,3.08
MSL512-6,2.36,4.72
MSL766-1,2.01,4.02
MSM051-3,3.08,6.16
MSM171-A,3.46,6.92
MSM182-1,2.27,4.54
MSM246-B,2.13,4.26
MSN105-1,2.27,4.54
MSN191-2Y,2.68,5.36
MSN215-2P,2.78,5.56
MSP239-1,2,4
MSQ070-1,2,4
MSQ176-5,2,4
MSQ279-1,2.13,4.26
MSR061-1,2,4
MSR160-2Y,2,4
MWTX2609-2RU,4.86,9.72
ND1215-1,3.18,6.36
ND2858-1,3.73,7.46
ND8229-3,4.86,9.72
ND8555-8R,2.91,5.82
ND860-2,2,4
Nicolet(W2133-1),1.86,3.72
Norchip,2.54,5.08
NorDonna,2.95,5.9
Northstar,3.55,7.1
NorValley,2.41,4.82
Norwis(FL657),2.54,5.08
NY115,2.41,4.82
NY121,1.68,3.36
NY136,3.46,6.92
NY140,3.46,6.92
NY142,2.13,4.26
NYE48-2,3.46,6.92
Ontario,3,6
OR00002-7,4.96,9.92
OR00068-11,2.95,5.9
PA99N82-4,3.99,7.98
Patagonia,4.13,8.26
PeterWilcox,3.32,6.64
Pike,2.41,4.82
POR01PG1-6,4.76,9.52
POR02PG37-2,2.41,4.82
PremierRusset,4.59,9.18
PrinceHairy(NY235-4),2.08,4.16
PurpleMajesty,3.59,7.18
PurplePeruvian,5,10
RangerRusset,5,10
Reba,3.46,6.92
RedMaria(NY129),2.27,4.54
ReevesKingpin,5,10
Rideau,2.68,5.36
RioGrandeRusset,4.73,9.46
RochdaleGold-Doree,2.13,4.26
Rosa,2.95,5.9
RussetBurbank,4.64,9.28
RussetNorkotah-S3,4.73,9.46
RussetNorkotah-S8,4.73,9.46
Salem,3.32,6.64
Satina,2.85,5.7
Sebago,2.81,5.62
SierraGold,3.18,6.36
SilvertonRusset,5,10
Snowden,2,4
Superior,3.36,6.72
TrailBlazerRusset(ROND95249-Russ),4.73,9.46
Tundra(W2310-3),2.95,5.9
UmatillaRusset,5,10
V1102-1,4.32,8.64
V1115-3,4.59,9.18
VillettaRose,2.41,4.82
W1151rus,5,10
W2253-5rus,4.73,9.46
W2309-7,3.05,6.1
W2683-2rus,4.86,9.72
W4013-1,2.54,5.08
WallowaRusset,5,10
Waneta(NY138),3.05,6.1
WesternRusset,4.73,9.46
WhitePearl,2.4,4.8
Willamette,1.96,3.92
Winema,2.78,5.56
YankeeChipper,3.32,6.64
YukonGem,3.32,6.64
YukonGold,2.68,5.36
