Name;0;1;2;3;4
ACBrador;0;0;1;0;0
AdirondackBlue;0;1;0;0;0
AllBlue;0;1;0;0;0
AlpineRusset;0;1;0;0;0
Alturas;0;1;0;0;0
Andover;0;0;0;1;0
Atlantic;0;0;0;1;0
BannockRusset;1;0;0;0;0
BeaconChipper;0;0;0;1;0
Bintje;0;1;0;0;0
BlazerRusset;1;0;0;0;0
Boulder;0;0;1;0;0
CanelaRusset;1;0;0;0;0
Cascade;0;1;0;0;0
CentennialRusset;0;1;0;0;0
Chieftain;0;1;0;0;0
Chipeta;0;0;1;0;0
Chippewa;0;1;0;0;0
ClassicRusset;1;0;0;0;0
ClearwaterRusset;1;0;0;0;0
DakotaCrisp;0;0;1;0;0
DakotaDiamond;0;0;0;1;0
DakotaJewel;1;0;0;0;0
DakotaPearl;0;0;1;0;0
DarkRedNorland;0;1;0;0;0
Defender;0;1;0;0;0
EarlyRose;0;0;1;0;0
Elba;0;0;0;0;1
Eramosa;0;0;1;0;0
Eva;0;0;1;0;0
Exploits;0;0;1;0;0
F02018;0;1;0;0;0
F58050;0;1;0;0;0
F66041;1;0;0;0;0
F87084;0;1;0;0;0
FreedomRusset;1;0;0;0;0
GemStarRusset;1;0;0;0;0
GrandFalls;0;1;0;0;0
GreenMountain;0;0;1;0;0
HighlandRusset;0;1;0;0;0
Hindenburg;0;0;1;0;0
IdaRose;0;1;0;0;0
IncaGold;0;0;1;0;0
IrishCobbler;0;0;0;1;0
IvoryCrisp;0;0;0;1;0
JacquelineLee;1;0;0;0;0
Kalkaska;0;0;0;1;0
Katahdin;0;1;0;0;0
Kennebec;0;1;0;0;0
KeukaGold;0;0;1;0;0
KlamathRusset;1;0;0;0;0
LaChipper;0;0;0;1;0
Langlade;0;1;0;0;0
Liberator;0;0;0;0;1
MaineChip;0;0;1;0;0
Marcy;0;1;0;0;0
MichiganPurple;
MN02419;0;0;1;0;0
MN02467;1;0;0;0;0
MN02586;0;0;1;0;0
MN15620;0;1;0;0;0
MN18747;0;1;0;0;0
MN19298;0;1;0;0;0
MN19350;0;1;0;0;0
MN19470;0;0;1;0;0
Modoc;0;0;0;1;0
Monona;0;0;1;0;0
Monticello;0;1;0;0;0
MountainRose;1;0;0;0;0
Norchip;0;0;0;1;0
NorDonna;1;0;0;0;0
NY115;0;1;0;0;0
NY121;0;0;0;1;0
NY136;1;0;0;0;0
NY140;0;1;0;0;0
NY142;1;0;0;0;0
Ontario;0;1;0;0;0
Patagonia;0;1;0;0;0
PremierRusset;0;1;0;0;0
PurpleMajesty;0;0;1;0;0
Reba;0;0;1;0;0
RioGrandeRusset;1;0;0;0;0
Rosa;0;1;0;0;0
RussetBurbank;0;0;1;0;0
Satina;0;0;1;0;0
Sebago;0;1;0;0;0
SierraGold;0;1;0;0;0
SilvertonRusset;1;0;0;0;0
Superior;0;0;1;0;0
UmatillaRusset;1;0;0;0;0
VillettaRose;1;0;0;0;0
W1151rus;1;0;0;0;0
WallowaRusset;1;0;0;0;0
WesternRusset;0;1;0;0;0
WhitePearl;0;0;0;0;1
Willamette;0;0;0;0;1
Winema;0;0;1;0;0
YankeeChipper;0;1;0;0;0
YukonGem;0;1;0;0;0
YukonGold;0;0;1;0;0
